{"sentimentr_senticnet_smalowess_rzstd": 2.809488256057229, "sentimentr_nrc_smalowess_rzstd": 2.8436824519575694, "pysentimentr_huliu_smalowess_rzstd": 3.0052398700670864, "syuzhetr_nrc_smalowess_rzstd": 3.0694158204585547, "vader_smalowess_rzstd": 3.145480017221465, "pysentimentr_nrc_smalowess_rzstd": 3.1945453506260715, "pysentimentr_jockersrinker_smalowess_rzstd": 3.2456978693734344, "sentimentr_jockersrinker_smalowess_rzstd": 3.278267006491782, "sentimentr_huliu_smalowess_rzstd": 3.334992634088832, "syuzhetr_bing_smalowess_rzstd": 3.3499882933909713, "yelp_smalowess_rzstd": 3.378833581866703, "sentimentr_loughran_mcdonald_smalowess_rzstd": 3.49323234407859, "syuzhetr_syuzhet_smalowess_rzstd": 3.517987467610168, "syuzhetr_afinn_smalowess_rzstd": 3.569621455027481, "flair_smalowess_rzstd": 3.5988567659690514, "sentimentr_jockers_smalowess_rzstd": 3.604863853369432, "afinn_smalowess_rzstd": 3.6595639321190525, "sentimentr_sentiword_smalowess_rzstd": 3.6982405656172994, "huggingface_smalowess_rzstd": 3.7859521543743853, "pattern_smalowess_rzstd": 3.848782260608293, "sentimentr_socal_google_smalowess_rzstd": 3.8545183466185637, "pysentimentr_senticnet_smalowess_rzstd": 4.163963707020935, "textblob_smalowess_rzstd": 4.268771327324788, "nlptown_smalowess_rzstd": 4.526320564402401, "t5imdb50k_smalowess_rzstd": 4.848367858277208, "pysentimentr_sentiword_smalowess_rzstd": 5.066849598100948, "hinglish_smalowess_rzstd": 5.109714274939161, "pysentimentr_lmcd_smalowess_rzstd": 5.582811837076538, "roberta15lg_smalowess_rzstd": 5.765957359943313, "robertaxml8lang_smalowess_rzstd": 5.886767702493959, "stanza_smalowess_rzstd": 7.653446629580218, "imdb2way_smalowess_rzstd": 7.862319395110251}
