{"sentimentr_nrc_smalowess_rzstd": 1.8992545389416162, "sentimentr_jockersrinker_smalowess_rzstd": 2.322535666749916, "syuzhetr_nrc_smalowess_rzstd": 2.468165475309215, "roberta15lg_smalowess_rzstd": 2.483118009689069, "flair_smalowess_rzstd": 2.5661702140335594, "pysentimentr_nrc_smalowess_rzstd": 2.584836435351673, "syuzhetr_afinn_smalowess_rzstd": 2.6945634871945994, "sentimentr_jockers_smalowess_rzstd": 2.7252704030431216, "afinn_smalowess_rzstd": 2.87087154601677, "sentimentr_senticnet_smalowess_rzstd": 3.1456881766340143, "vader_smalowess_rzstd": 3.1600894093854945, "t5imdb50k_smalowess_rzstd": 3.318167394293093, "nlptown_smalowess_rzstd": 3.3294355467253576, "pysentimentr_lmcd_smalowess_rzstd": 3.3446893039809766, "robertaxml8lang_smalowess_rzstd": 3.431824024746826, "sentimentr_huliu_smalowess_rzstd": 3.4820336085331216, "sentimentr_loughran_mcdonald_smalowess_rzstd": 3.5343575411428176, "huggingface_smalowess_rzstd": 3.6303351073213412, "sentimentr_sentiword_smalowess_rzstd": 3.7400523655652522, "pysentimentr_senticnet_smalowess_rzstd": 3.799867131713394, "syuzhetr_bing_smalowess_rzstd": 4.033385348752008, "imdb2way_smalowess_rzstd": 4.066965942680405, "pysentimentr_huliu_smalowess_rzstd": 4.122173857136029, "pattern_smalowess_rzstd": 4.4655767950196275, "pysentimentr_jockersrinker_smalowess_rzstd": 4.555578816852663, "yelp_smalowess_rzstd": 4.806602483062793, "syuzhetr_syuzhet_smalowess_rzstd": 4.997184022229294, "pysentimentr_sentiword_smalowess_rzstd": 5.2333524327529535, "textblob_smalowess_rzstd": 5.314631523552584, "hinglish_smalowess_rzstd": 5.572498006981891, "sentimentr_socal_google_smalowess_rzstd": 6.237355504901959, "stanza_smalowess_rzstd": 9.007964412186375}
